{"hiteshsapkota@gmail.com": [0.4720517441801905, 0.4376123462450714, 0.44655566149781184, 0.5216534827383768, 0.43078254519869036, 0.6594707361500028, 0.38149068232389316, 0.474386866421035, 0.5233634943703985, 0.4272926773276764, 0.5059674584627327, 0.5477245401866596, 0.6800953103460092, 0.4834180824742588, 0.43929208464144215, 0.4328012096210744, 0.4666983311007573, 0.5481726593767063, 0.13190653327018276, 0.2730329054369792, 0.47348103328864344, 0.4786831185846507, 0.4793753101537505, 0.6107095287702592, 0.47760889044966265, 0.4573052547223549, 0.5202472508021418, 0.48088793596929497, 0.4789728212570714, 0.4701424016535954, 0.5457545090605698, 0.4756993701448264, 0.49368276214524565, 0.46161396120844744, 0.874660893868757, 0.4865056937375546, 0.4162885727388038, 0.30893655488133226, 0.6730231437064926, 0.40196579718446174, 0.47337732256665604, 0.5654033695791988, 0.37919623594402485, 0.39159465977951047, 0.4688477671157978, 0.4191969379508291, 0.48256782379219737, 0.24047696208587852, 0.6313765409317023, 1.0, 0.29972746366458397, 0.36524527265107937, 0.475964939776101, 0.28607405706883665, 0.42756251555759905, 0.3131140482129036, 0.2090209141725253, 0.40485501099429955, 0.48953094509105094, 0.4894659040809314, 0.578199563664928, 0.4838508874734621, 0.0, 0.47327756560598694, 0.47848438313381, 0.35485494948373303, 0.2432845210190682, 0.45145675660124523, 0.6530753647144811, 0.4877910463665393, 0.4742635587426485], "pradeepmcl@gmail.com": [0.4939993294029752, 0.46476911019059725, 0.7213792028099518, 0.37658883818710354, 0.0, 0.7832691225193132, 0.01738751396494026, 0.5326013932747007, 0.8208017830410437, 0.6541007887534885, 0.4851841509142807, 0.11498352051421977, 0.5961798820224501, 0.5249835622448412, 0.3607689624174429, 0.7685683132760057, 0.5973520441097451, 0.8246678771332008, 0.5360803645554902, 0.5401637209688224, 0.5111888640744525, 0.7277336880692823, 0.06844683802308804, 0.7453063658965442, 0.49462115509097654, 0.7742229270544407, 0.48214529315969695, 0.5119490108396589, 0.5113916929583677, 0.5086211072297234, 0.5435983449534642, 0.7260920076394007, 0.8130646925825998, 0.7777900523209061, 0.4400090292250826, 0.4933488629589773, 0.2634653215735265, 0.4974631868897088, 0.5210762717870385, 0.5059602181829441, 0.49056253321093746, 1.0, 0.5120413709642416, 0.3859382230334121, 0.5126160081656715, 0.33933108358369485, 0.48561726284093387, 0.4759423806543945, 0.5203011751527489, 0.2597478876158001, 0.2651235647709884, 0.3599793728997843, 0.4277930081594946, 0.5265701084782501, 0.9953260104895952, 0.5094618910311435, 0.541653558145232, 0.8439981555530823, 0.7831949932289399, 0.5522685763719749, 0.7973972479646596, 0.5276890999074642, 0.5034786647568573, 0.5153748336761793, 0.5284975085668225, 0.5163584660525699, 0.7430610338497255, 0.49771541888952825, 0.8960895664195183, 0.5358461407435609, 0.5094799408743593]}