{"hiteshsapkota@gmail.com": [0.4314000076657023, 0.5704549299772328, 0.23614332121402257, 0.4868336595059487, 0.7374733169653325, 0.2570660042279226, 0.2708385309976562, 0.4121001341854163, 0.4150671911164474, 0.4056280145321369, 0.2236629210549336, 0.422675135841782, 0.7000556066120458, 0.4122297844545916, 0.230913534569642, 0.5927309520423699, 0.3447829156532118, 0.7393545562301508, 0.3992031427567089, 1.0, 0.41640922732714175, 0.40911956558456297, 0.5147977503338854, 0.13992911041419406, 0.406196929954434, 0.407040372196916, 0.42839362475896914, 0.5084997371876987, 0.41204202149926616, 0.47597675549668494, 0.7894821527844645, 0.578317633265498, 0.7585959905282292, 0.7216328236576107, 0.7387433689921747, 0.42917082241163124, 0.1805389662807634, 0.05968418605399354, 0.40293622355663233, 0.10340397055708715, 0.473678670788118, 0.2535284234280764, 0.43655815853446955, 0.0, 0.42773376061914004, 0.6812155065433582, 0.5935252819344871, 0.03276937862126783, 0.4163201627152995, 0.19714505618194197, 0.2969623233398985, 0.47150683488489686, 0.49904311650768846, 0.5614765813665981, 0.431122520281387, 0.3297791627108674, 0.41950065632783606, 0.47267331825205344, 0.4458632409442213, 0.43751301228280254, 0.42289694820427254, 0.4171758106633322, 0.4363293209119592, 0.404518908755834, 0.42232626640375204, 0.5305058868742576, 0.4052750879547212, 0.43056401650173054], "pradeepmcl@gmail.com": [0.46168997025594094, 0.7452759471777528, 0.293599022279044, 0.7480528478078003, 0.6345945980235975, 0.28413007661019263, 0.23198115189476684, 0.44895734635570667, 0.44955829654176044, 0.6016042359768966, 0.47327043464012475, 0.1831083429252197, 0.7505204484515713, 0.908262477345631, 0.2875383378648744, 0.7108970797532271, 0.6733357871669338, 1.0, 0.442673997985535, 0.4694625809055545, 0.44838502396798524, 0.4678993671543326, 0.4580658550691183, 0.44317329116033605, 0.5979707434333658, 0.4556656419200334, 0.6371403081171236, 0.4547460436158018, 0.4608968340448577, 0.4570090763601853, 0.6775611962329283, 0.3838516270363496, 0.32543433988763704, 0.8399807732092538, 0.46439009320950647, 0.4661187595771602, 0.4707396518212016, 0.0, 0.4769318908139143, 0.458576998986714, 0.05909515740016516, 0.2928205517586145, 0.4511869225812759, 0.2844282687736597, 0.4527135945664946, 0.4814012255058609, 0.031084071294645826, 0.350544901693773, 0.519345628570086, 0.6159319299283076, 0.5039148787043088, 0.6913161905533217, 0.27279510191644063, 0.2589470846491129, 0.516367141884211, 0.5448686280552856, 0.6181413749698503, 0.4655917250901726, 0.4527364464858515, 0.4674471065997859, 0.49892900165258625, 0.45775135156624125, 0.4243470666651179, 0.47739293460624993, 0.4423258263639503, 0.45932282941252267, 0.4671091633215419, 0.45148093915560666], "munaspkta@gmail.com": [0.5989520266385209, 0.9536323444143259, 0.49950304814748947, 0.5942488716402451, 0.42228156983956694, 0.6000878993824305, 0.49271975019859127, 0.5912020620351245, 0.5854523021252933, 0.2770049473426912, 0.41989777162165776, 0.596780327489092, 0.7086335124764678, 0.60522281485814, 1.0, 0.4371747029734397, 0.3704250611050753, 0.4656049046963584, 0.8386420495951138, 0.8945319797527139, 0.5948240482597736, 0.5761382550998279, 0.5989582683542513, 0.48074648573857337, 0.6076907840021363, 0.5942120698730374, 0.5810556820345371, 0.5615436345616939, 0.5920410301496936, 0.5768435938391785, 0.590599920447723, 0.6005665468014917, 0.6644867698378946, 0.28997983750392853, 0.5980069292664175, 0.5829420198318025, 0.35977298942989594, 0.572821979419756, 0.5865804447692194, 0.8718696404922929, 0.5894520588742826, 0.49090064008662665, 0.3789073064605991, 0.7968552895562993, 0.6063236799226425, 0.6219890100057912, 0.5762471570200984, 0.4665619629322507, 0.5879977030717461, 0.7989745241796693, 0.7635061156012497, 0.539122143829562, 0.7611241527048371, 0.0, 0.9084350048019146, 0.7261592059480009, 0.5836156518840909, 0.642973883785649, 0.5963456338752213, 0.5891089101933559, 0.6721897874021892, 0.5860754000045133, 0.5840871886868637, 0.5765758877576012, 0.585928081428538, 0.6129053295137553, 0.5941274174654224, 0.5839935493308409], "sapkotabima91@gmail.com": [0.5074324127803002, 0.551593318956772, 0.2759477425080392, 0.38992827725741597, 0.15124771810732077, 0.2581926068718156, 0.6125799542787774, 0.5372729793851598, 0.7699290159353873, 0.36748417541253625, 0.4839034050250058, 0.242818872008616, 0.5275320142142348, 0.5045423712115676, 0.7066128594915929, 0.8127184869640458, 0.3890324072910308, 0.8093552352915383, 0.5026844254731714, 0.514342341850004, 0.49723664927268824, 0.650351417901192, 0.7687088188655535, 0.7810083284593679, 0.5128660824141725, 0.46568961826434246, 0.598845510698245, 0.742640307983767, 0.6420156985032982, 0.5123730816031314, 0.6710764188368501, 0.6245773093951719, 0.5123471561503331, 0.49287325157519213, 0.493590159692253, 0.7431461812592574, 1.0, 0.0, 0.49134630426375425, 0.5717690398454855, 0.22574031526026359, 0.41810805802526235, 0.5175463535802866, 0.46963959015612766, 0.5063578713863808, 0.575623739972371, 0.5070426674785531, 0.49036842634357314, 0.5062718068849622, 0.6100214436960598, 0.5023799580108262, 0.11867089934370606, 0.5028767022720534, 0.8957831379411528, 0.8568159276280751, 0.4208465990566505, 0.7280616043618892, 0.3150043884940017, 0.5204244608756108, 0.6548646883508681, 0.5295757170220845, 0.49865841635642194, 0.49686981613541314, 0.5046003211029466, 0.4981652807858318, 0.49940409035522926, 0.5038523408069191, 0.5009022819498153], "rp3737@rit.edu": [0.5918823694530873, 1.0, 0.09254338041523871, 0.8667041848347725, 0.5486038691938633, 0.8089450728816546, 0.39101814449147365, 0.5487682685345335, 0.5850217408706048, 0.2764026546031064, 0.44681869660288887, 0.572108714993971, 0.8386489020613217, 0.5773879103584431, 0.5032515703311783, 0.7919279860381528, 0.5165878945403946, 0.6898737373488251, 0.5756459478184326, 0.57301738459578, 0.5753596787741185, 0.5708904028025231, 0.7700081933170211, 0.6948859860411453, 0.5800807589363798, 0.5916516417709528, 0.5738737330616306, 0.7936258694079583, 0.5825971183874922, 0.584662041158154, 0.573026987251464, 0.7490591360190504, 0.5358266448341232, 0.5771775112432906, 0.8351918955306823, 0.5705659240236615, 0.9093237213854947, 0.7995920602057137, 0.59747520309598, 0.57731282760806, 0.0, 0.47704932597273264, 0.5925359822807705, 0.6254639863568068, 0.604127934407723, 0.1527422200693354, 0.9072989455751179, 0.3775154777050343, 0.5949553430127734, 0.5813734654529417, 0.6930950797459342, 0.40606541709755883, 0.5801482186529068, 0.8770868087153894, 0.7114281159528945, 0.524649681356573, 0.8166425470447913, 0.7670381725678408, 0.5805834275112386, 0.565432355180041, 0.8294281563032798, 0.5877186205637628, 0.5709034781461569, 0.5767821898768588, 0.5684324550424299, 0.5688802168993922, 0.5857110674320576, 0.5734026970149585]}