{"hiteshsapkota@gmail.com": [0.3730281092885125, 0.6376586306457035, 0.17501806126763825, 0.6321420431079877, 0.292629371585599, 0.4607104059015863, 0.1727628411424827, 0.38679387072623517, 0.4992410470277097, 0.4211474210450864, 0.48836193364087926, 0.7034416044609368, 0.020079559091346174, 0.2722068180257484, 0.3212882235176329, 0.5162277499174108, 0.046868063412578584, 0.3118551537383893, 0.3608943538695445, 0.5858661045584451, 0.3700139385934927, 0.36409776380521214, 0.20805376295643316, 0.5623294659706057, 0.3570136733675063, 0.3638797727766283, 0.36688027643728766, 0.8171825035836175, 0.36027983148519377, 0.632715216945211, 0.6965334178237084, 0.3642621749565909, 0.4432305939128142, 0.4726058727743693, 0.4943496540222727, 0.3747055325371082, 0.395038405311896, 0.4442272408655169, 0.3746463030887562, 0.9161704960410773, 0.2279059950029022, 0.4701523304876204, 0.37699711654395135, 0.14807912023772676, 0.12773919008967805, 0.6343925589578301, 0.3738674431975129, 0.3614119468668701, 0.38371717427266167, 0.0, 0.46910090278696426, 0.2377343891776353, 1.0, 0.22338887076511782, 0.3568217996753849, 0.8133982153209632, 0.7454348088480672, 0.2383022166537238, 0.36679460730529534, 0.35780175708146744, 0.5414119089831134, 0.3651033039784351, 0.37844334255720424, 0.3691630997626216, 0.3463867887902238, 0.35668126616326307, 0.3747380796901029, 0.34920993157482383, 0.17087471343372418, 0.3729692829345754, 0.35971633506320777], "test15@gmail.com": [0.3448570006193987, 0.5364067027827437, 0.37488615722227736, 0.3771027123185091, 0.48560430859493753, 0.3130263422658247, 0.08882806591416625, 0.32656522145575895, 0.4021373368212797, 0.4471426637191778, 0.5541445477186259, 0.3177624188064919, 0.3295204161854958, 0.3099822600219674, 0.10606996221495532, 0.1274776227316878, 0.30518084057441697, 0.6352231395173811, 0.3409195433150381, 0.3263883193279199, 0.4004790038265706, 0.4053639075606966, 0.40497564175409767, 0.40852481857147155, 0.3312302157252314, 0.334576626211583, 0.3237118260598519, 0.4215864091112108, 0.3207819273536144, 0.5663357336558025, 0.3281040368348396, 0.33720629744967856, 0.7071423003786433, 0.33638381306843024, 0.482180816955196, 0.40491531481652865, 0.4134332071506087, 0.15981019908994615, 0.339095404337077, 0.33251351929279244, 0.16278464834959017, 0.28454088395939653, 0.031259926054044845, 0.3188480897861975, 0.1925400515981237, 0.28837265332439005, 0.32493607818341164, 0.5582314196549737, 0.32524166282883377, 0.14278004658462487, 0.07673032910573561, 0.16520822033298488, 0.31892241964491325, 0.055385514731392735, 0.29003257921316117, 0.331888933917595, 0.33376839329609514, 0.9000885615722483, 0.32342569834753, 0.31666427707394706, 0.46237120144270577, 0.31951786986289077, 0.3299776186266204, 0.32913512016983, 0.3569368769033658, 0.32516740929968474, 0.7215013013695157, 0.0, 1.0, 0.33089182965746156, 0.309039458672312]}