{"hiteshsapkota@gmail.com": [0.4949820082234247, 0.587567971129561, 0.5046119148920785, 0.3678623314565241, 0.5146461485613769, 0.3732155704428689, 0.0, 0.5140500525971561, 0.6686261273444445, 0.7408632483434314, 0.4747380397597736, 0.5069616790915396, 0.31812483113277523, 0.316545571112173, 0.3544523078785504, 0.6815710102374618, 0.5089997491803679, 0.5468200726065495, 0.5117961338225236, 1.0, 0.4969434118850009, 0.5011592578604468, 0.49738199443672065, 0.5609672826991593, 0.48978174890794557, 0.4988974451924475, 0.5014695470046229, 0.4638142779531217, 0.5079241446922613, 0.6995654115173316, 0.5958762681948706, 0.5011123905928626, 0.49582744977444604, 0.6490294969500063, 0.6635186711749275, 0.5068528003062115, 0.5370242502067363, 0.4154898426891805, 0.49456323769301663, 0.5478003189858917, 0.5142941503826945, 0.6851940150240863, 0.5132631728874233, 0.2456347830820793, 0.7108436325241486, 0.5832772082526511, 0.4961561182316007, 0.390192921239815, 0.5156282706358901, 0.5162861081345378, 0.6746140326744899, 0.4242553115887653, 0.6327385609000051, 0.2756084765602424, 0.4541794556093559, 0.46525192135066984, 0.08567860452689553, 0.6282257801641348, 0.4919979447665896, 0.5048268836038042, 0.32624118491833176, 0.5004239400424723, 0.49525318785426053, 0.49721241064932886, 0.5047072821043375, 0.5060264554644274, 0.522008371889833, 0.5017585888903411, 0.16816999475369526, 0.509165726576715, 0.4999079744193906], "test15@gmail.com": [0.4278134247637781, 0.6402029915457557, 0.29962359468581506, 0.4649988633031539, 0.7083823822580134, 0.40286267370534146, 0.04061531800229606, 0.8011063295119147, 0.483691615003007, 0.48934294147193774, 0.6288139898843425, 0.4225225949689954, 0.723333543247789, 0.41135105968335867, 0.038098431918527055, 0.4107947211969568, 0.43751575089124806, 0.6963324649513106, 0.42851831779148974, 0.41835294913216264, 0.5203440649247943, 0.5358553021967338, 0.5226432178999019, 0.45787105760253505, 0.43311505404589257, 0.40218776458616134, 0.42163857304595315, 0.5323414569934697, 0.42009773476473766, 0.7051730604625902, 0.4234584538691038, 0.4235997273258402, 0.6254048153213592, 0.3784637875697798, 0.5645501894372604, 0.4986492391287131, 0.4765533447830976, 0.46517181421532416, 0.41538319633645343, 0.4168018174838663, 0.2512097109500785, 0.5360145490487732, 0.09358998971416883, 0.20744734845868706, 0.2954778276024251, 0.4853292336744191, 0.42101297499020623, 0.7127497827486209, 0.4465416951500256, 0.2717018878951988, 0.32682656118493975, 0.0, 0.3890886381649894, 0.3497484213462653, 0.4844537766424634, 0.7329391573873268, 0.4290583977206526, 0.9670862470522265, 0.40081857530677056, 0.45092989385194654, 0.6390006411665266, 0.42606184800182006, 0.4189105705696129, 0.4212840327181887, 0.4046117061703975, 0.43332183122048135, 0.7807309645995154, 0.42651342815000876, 1.0, 0.4106101473412694, 0.41012380657740827]}