{"hiteshsapkota@gmail.com": [0.9659343448610738, 0.49493787356834595, 0.8952745916479385, 0.5655575642734324, 0.6671874677322926, 0.6251889866829233, 0.6180480145080142, 0.641825951285093, 0.40536562201495074, 0.6278458658382995, 0.6013316912779809, 0.6369653780750919, 0.7148589493676487, 0.5198682489672322, 0.609878234874511, 0.504809819094533, 0.7166505823078777, 0.4601963043772652, 0.6378374556850738, 0.5783589407884829, 0.49191304998350915, 0.3923875484563978, 0.8830407273018682, 0.6044979110319453, 0.6501788228320929, 0.4863142283571319, 0.4432250028903819, 0.67333758232977, 0.5875601835573279, 0.5566569611130141, 0.06998285203729426, 0.4320947926211295, 0.6258237257220496, 0.49704568243700775, 0.6393333391274592, 0.006161234667341531, 0.5859545720438751, 0.5996104283015706, 0.6671317017085212, 0.4147100055453803, 0.3398227055072257, 0.43363801049105355, 0.5012212140578998, 0.6195113487065682, 0.9967833224413684, 0.4307234523814747, 0.6189117951328802, 0.5497173169998637, 0.684307882027464, 0.5635692989781014, 0.3458938055433469, 0.36053897624870734, 0.3948990771643952, 0.9681442771165872, 0.32614312470683704, 0.5034857763756478, 0.3634806359760574, 0.47678718396193287, 0.0, 1.0, 0.5767727923328196, 0.5908981762952197, 0.9239620436942338, 0.6654452800550728, 0.7908042966688618, 0.5254672113960785, 0.6377627715078241, 0.4418232859020961], "kp@gmail.com": [1.0, 0.4965088390009137, 0.45836587022191044, 0.49695880170487683, 0.45490446110180316, 0.27532346786872974, 0.4790968126679086, 0.5507393858756078, 0.732838291058963, 0.5667566071172512, 0.5128479952438905, 0.4533295097376375, 0.5235150161926152, 0.3972253990959418, 0.5054026151627666, 0.5307489051312262, 0.7019472752769322, 0.47827678953448305, 0.4396706694813539, 0.5164786685114211, 0.41523291710358623, 0.47705691829452956, 0.4357849779241314, 0.601573253580409, 0.2901449542328951, 0.5005610713915345, 0.44622847290629697, 0.6138653296731049, 0.5066445616580315, 0.46326670724489116, 0.7161433292903554, 0.5678634154489334, 0.5648069801557671, 0.49080460788328406, 0.46268160529116875, 0.0, 0.456591990894193, 0.45652082191104293, 0.49555001195032156, 0.4778336966339479, 0.46812365825007385, 0.4382193867603431, 0.5007735556905173, 0.4118612986003761, 0.7030711493513508, 0.4665151919777143, 0.29855073232827034, 0.4746691831101676, 0.4591203310081047, 0.482343937742836, 0.4493942919998908, 0.4557544968710803, 0.5516330563634337, 0.4278115278723056, 0.5242666885759208, 0.4054104757088757, 0.4745677964747901, 0.423526863015376, 0.49793297643007073, 0.7047757220938505, 0.461436549567658, 0.4418315460822839, 0.6449422807133806, 0.4346762129329266, 0.3762694858610415, 0.4290575605173941, 0.45953601819777257, 0.3749300989156983]}