{"hiteshsapkota@gmail.com": [0.7165512509952716, 0.7198581883508676, 0.48164484135769786, 0.40835298423994726, 0.6250401852747626, 0.6629736231829997, 0.0, 0.6135974424837732, 0.8737799370425625, 0.8700969451273038, 0.5351026873353357, 0.6664144322090433, 0.49225201578616506, 0.42793104107965635, 0.6455663196269946, 0.8212539857974778, 0.6920452873271825, 0.6601665800569049, 0.6947705317154954, 1.0, 0.653064162998928, 0.6376851335232027, 0.7761491675739264, 0.8153440448284133, 0.7001031026426225, 0.724546200894336, 0.6616780207115123, 0.8358313255392082, 0.7085391666855835, 0.7711887202108997, 0.76949617632701, 0.7082357840933903, 0.6323195783124862, 0.7081797835459899, 0.8282901851166556, 0.6878055004973652, 0.7907735263264634, 0.5873544907184964, 0.7051593563790189, 0.6774678675833963, 0.6354297448031893, 0.7377160134715764, 0.6710813120703998, 0.6103822122854043, 0.8180737565048688, 0.7525498750416388, 0.5098778222157269, 0.5762762427911575, 0.6685711768256076, 0.6499687838988013, 0.9167532964212758, 0.44297058478697576, 0.71567961353423, 0.5968531164413909, 0.670788755075374, 0.6127157219867079, 0.5324545793685271, 0.7081082883621482, 0.6579568770091583, 0.6615377667613568, 0.7797746023746033, 0.6705685496383169, 0.673174820441718, 0.7007309314011313, 0.6884081764849244, 0.6819421170220393, 0.6508788548850868, 0.7216280592891807, 0.5143242766914483, 0.5990087158921537, 0.6214710835333301], "test15@gmail.com": [0.3883944015474653, 0.3562762298168779, 0.09045593728510107, 0.19425919438796665, 0.5247042144926503, 0.29080534892430343, 0.09607679470630044, 0.5915281970750851, 0.5226525829166406, 0.4533413448784734, 0.4119485413559457, 0.36145739349493755, 0.5395947976425619, 0.3409719972089023, 0.08837045196440796, 0.33374468299418286, 0.35864093636770034, 0.6816831307524776, 0.3968562608959835, 0.32836500176987826, 0.6022891730328354, 0.48212893721097355, 0.5498872574660911, 0.47270306159330827, 0.40424934081212405, 0.34851137024145584, 0.3739242124284051, 0.5401129900316167, 0.40650217648755643, 0.5574608200864469, 0.39757898586869495, 0.398292668324972, 0.5354202569542343, 0.36811860176368216, 0.4462223327308788, 0.4813584722386384, 0.5338899495320897, 0.2075230838868947, 0.34651781875641624, 0.39911681942863847, 0.11046596386174115, 0.6033005818156711, 0.14737939212469184, 0.10459878304907719, 0.3072708467670758, 0.4506526970406212, 0.40646735099211206, 0.5564211607308684, 0.3888299316471775, 0.05356044033270483, 0.11820301896678534, 0.0, 0.21346882020240213, 0.36394594859079754, 0.4441218474373194, 0.5698363705982042, 0.36400862656337907, 1.0, 0.4023080026901946, 0.40529025082017994, 0.6753642536815964, 0.4195524977873359, 0.3953392444919882, 0.4369987385539434, 0.3977956806673012, 0.41885430663930934, 0.6474947616121993, 0.3676137530827119, 0.8340958367802033, 0.4306363102891317, 0.361198812564317]}